Name,Number
Abayomi Brown,243
Abdul Khan,78
Adam Logan,98
Adebola Sanya,71
Adelaide Drennen,80
Akeem Adekunle,203
Alec Sjöholm,117
Alex Chew,245
Amy Kasprzycki,140
Anand Bharadwaj,130
Andrea Hatch,199
Anne Hopkins,190
Anuj Shetty,138
Ather Sharif,193
Austin Shin,132
Ayodele Odekunle,189
Ayotunde Adeyeri,75
Barbara Van Alen,141
Barry Keith,228
Becky Dyer,12
Ben Schoenbrun,24
Ben Weaver,107
Beth Leech,217
Betsey Wood,184
Betty Cornelison,18
Bharath Balakrishnan,133
Bill Rexhausen,38
BJ Premore,191
Brad Whitmarsh,142
Brent Weil,214
Brett Haughney,194
Brian Bowman,34
Bruce Baginski,234
Bruce Ward,43
Buffy Hogan,236
Cam Lawrence,146
Carl Durdan,163
Caroline Polak Scowcroft,69
Carolyn Atchison,109
Carson Ip,96
Cecilia Le,40
Cedric Lewis,149
Charles Reinke,157
Cheryl Melvin,112
Chloe Fatsis,83
Chris Canik,81
Chris Cheng,159
Chris Lipe,13
Chris Patrick Morgan,36
Chris Sjöholm,88
Chris Tallman,22
Chris Wiegand,229
Chris Williams,210
Christopher Grubb,23
Conrad Bassett-Bouchard,3
Cooper Komatsu,111
Cornelia Guest,136
Courtney Paley,110
Dan Blake,101
Daniel Milton,57
Dave Wiegand,10
David Brown,114
David Eldar,104
David Webb,156
David Whitley,9
Dean Saldanha,169
Dennis Ikekeregor,180
Dielle Pinto,92
Donna Staley,248
Dorcas Alexander,76
Easton Singer,242
Edgar Odongkara,231
Ekansh Arora,237
Elise Bickford,124
Eloy Gardea,85
Emily Brodeur,73
Emily Cookson,128
Emmanuel Egbele,106
Emmanuel King,200
Enoch Nwali,93
Eric Fox,99
Erickson Smith,165
Eta Karo,153
Ethan Joseph,171
Evan Berofsky,105
Evans Clinchy,1
Femi Awowade,97
Fidelis Olotu,63
Gary Smart,87
Geoff Thevenot,51
George MacAulay,179
Gerianne Abriano,121
Greg Harper,225
Gunther Jacobi,183
Guy Ingram,68
Harmony Kuller,134
Heidi Robertson,181
Henry Gould,212
Ifedayo Obisesan,154
Iliana Filby,74
Irfan Faroqui,197
Isaac Lipnick,168
James Curley,58
Jamie Ryan,241
Jane Geary,100
Jason Keller,42
Jason Ubeika,173
Jean-Louis Guill,218
Jeannie Wilson,226
Jeffrey Muwarure,91
Jemmy Pierre-Louis,238
Jennifer Clinchy,2
Jeremy Jeffers,28
Jeremy Khoo,95
Jesse Day,20
Jesse Matthews,21
Jim Brennan,119
Jim Kramer,32
Joe Roberdeau,90
Joe Thorngren,246
Joel Wapnick,82
Joev Dubach,170
John Karris,113
John O'Laughlin,19
Josh Sokol,84
Joshua Castellano,25
Judy Romann,48
Julia Swaney,161
Justin Morris,144
Kaia,77
Kaleb Lybecker,167
Karl Higby,216
Kate Fukawa-Connelly,37
KC Frodyma,39
Keith Valentine,125
Kevin Fraley,222
Kevin Gauthier,123
Kevin Schutz,196
Kolton Koehler,213
Kyle Fellahi,160
Laurie Cohen,185
Leslie Charles,158
Lila Crotty,187
Lindsay Shin,116
Lisa Mueller,30
Lisa Odom,44
Lola McKissen,208
Loreta Paelmo,235
Luke Yu,244
Mahboob Khan,220
Mark Francillon,8
Mark Kenas,174
Mark Milan,102
Mark Peltier,209
Marlon Prudencio,126
Martin DeMello,7
Marty Gold,64
Mary Pastore,178
Mary Stevens,35
Matt Canik,198
Matt Zeleznik,67
Matthew Bernardina,56
Matthew O'Connor,45
Matthew Tunnicliffe,127
Maureen Morris,137
Mehul Arora,232
Melissa Routzahn,52
Mia Yamamoto,94
Michael Donegan,145
Michael McKenna,29
Mike Johnson,16
Mohammad Sulaiman,118
Moiz Ullah Baig,120
Mpakaboari Jack,152
Nancee Mancel,147
Nancy Bowen,115
Nicholas Tam,139
Niel Gan,103
Nitya Chagti,150
Noel Livermore,79
Noella Ward,176
Norman Lemoine,230
Nsikak Etim,207
Olanma Cheche,72
Olatunde Oduwole,247
Osikhena Ojior,240
Pamina Deutsch,233
Paula Catanese,202
Peter Armstrong,11
Peter Dolgenos,89
Prashant Murti,86
Priya Fernando,221
Puneet Sharma,6
Quinn James,129
Rachel Grubb,49
Randi Goldberg,4
Rasheed Balogun,14
Richard Buck,223
Richard Ganguet,65
Rob Robinsky,31
Robert Linn,53
Robin Cole,224
Robin Levin,41
Rod Weis,204
Roger Cullman,122
Rohaina Tanveer,205
Ruth Hamilton,17
Sam Rosin,55
Sammy Okosagah,201
Sandy Nang,66
Scott Appel,131
Scott Jackson,5
Shannon Constantine,239
Solomon Smilack,215
Sridhar Paidikondala,148
Stefan Kac,70
Stefan Rau,182
Steve Krieger,108
Steve Pellinen,15
Tara Hurley,155
Terry Kang,61
Theresa Lean,195
Thomas Reinke,186
Tijan Jeng,166
Tim Weiss,26
Tobey Roland,164
Tony Boyle,188
Travis Chaney,206
Vera Bigall,135
Wajid Iqbal,219
Wale Fashina,177
Walker Willingham,192
Waseem Khatri,227
Wellington Jighere,175
Will Anderson,59
Winter,211
Wolfram Poh,151
Yukiko Loritz,172
Yvonne Lobo,162
Zachary Ansell,143
Zachary Dang,33
Zbigniew Wieckowski,50
